ORDEM;PLACA;RENAVAM;CHASSI;CARROCERIA;MOTOR;MARCA/MODELO;ANO DE FABRICAÇÃO;ANO DO MODELO;MODELO DO CHASSI;CAPACIDADE;FILTRO
1001;RJW6G41;01316765978;9BM384067PB269745;BUSUCFBSNPB107581CAIO;924997U1384687;M.BENZ/INDUSCAR APACHE V;2022;2023;OF 1519;42 PASSAGEIROS;CAIO
1002;RJK8C67;01316763762;9BM384067PB269795;BUSUCFBSNPB107582CAIO;924997U1384815;M.BENZ/INDUSCAR APACHE V;2022;2023;OF 1519;42 PASSAGEIROS;CAIO
1003;RKD9A10;01334731125;9BM384067PB280492;BUSUCFBSNPB108480CAIO;924997U1396932;M.BENZ/INDUSCAR APACHE V;2022;2023;OF 1519;42 PASSAGEIROS;CAIO
1004;RKM8G24;01332921261;9BM384067PB288924;BUSUCFBSNPB109710CAIO;924997U1403850;M.BENZ/INDUSCAR APACHE V;2022;2023;OF 1519;42 PASSAGEIROS;CAIO
1005;RJM7G37;01318281153;9BM384067PB278148;BUSUCFBSNPB108351CAIO;924997U1393978;M.BENZ/INDUSCAR APACHE V;2022;2023;OF 1519;42 PASSAGEIROS;CAIO
1006;RJM8H53;01329567673;9BM384067PB288900;BUSUCFBSNPB109769CAIO;924997U1403768;M.BENZ/INDUSCAR APACHE V;2022;2023;OF 1519;42 PASSAGEIROS;CAIO
1007;RJK8D67;01318279353;9BM384067PB278125;BUSUCFBSNPB108352CAIO;924997U1393856;M.BENZ/INDUSCAR APACHE V;2022;2023;OF 1519;42 PASSAGEIROS;CAIO
1008;RJE8G53;01332244537;9BM384067PB289509;BUSUCFBSNPB109890CAIO;924997U1405491;M.BENZ/INDUSCAR APACHE V;2022;2023;OF 1519;42 PASSAGEIROS;CAIO
1009;RJA9I72;01329569366;9BM384067PB290656;BUSUCFBSNPB109891CAIO;924997U1407960;M.BENZ/INDUSCAR APACHE V;2022;2023;OF 1519;42 PASSAGEIROS;CAIO
1010;RJI9G29;01340235959;9BM384078PB295613;BUSUCFBSNPB110143CAIO;924998U1409943;M.BENZ/INDUSCAR APACHE V;2022;2023;OF 1721;50 PASSAGEIROS;CAIO
1011;RJD6J74;01317042295;9BM384067PB269740;BUSUCFBSNPB107847CAIO;924997U1385345;M.BENZ/INDUSCAR APACHE V;2022;2023;OF 1519;42 PASSAGEIROS;CAIO
1012;RKG9B03;01340241185;9BM384078PB297000;BUSUCFBSNPB110310CAIO;924998U1411293;M.BENZ/INDUSCAR APACHE V;2022;2023;OF 1721;50 PASSAGEIROS;CAIO
1013;RJM9H58;1342887589;9BM384078PB298360;BUSUCFBSNPB110587CAIO;924998U1412164;M.BENZ/INDUSCAR APACHE V;2022;2023;OF 1721;50 PASSAGEIROS;CAIO
1014;RKI7F33;01318278918;9BM384067PB277713;BUSUCFBSNPB108353CAIO;924997U1393832;M.BENZ/INDUSCAR APACHE V;2022;2023;OF 1519;42 PASSAGEIROS;CAIO
1015;RJE9H31;01342892213;9BM384078PB298361;BUSUCFBSNPB110588CAIO;924998U1412165;M.BENZ/INDUSCAR APACHE V;2022;2023;OF 1721;50 PASSAGEIROS;CAIO
1016;RJJ9F47;01342890857;9BM384078PB300572;BUSUCFBSNPB110697CAIO;924998U1414066;M.BENZ/INDUSCAR APACHE V;2022;2023;OF 1721;50 PASSAGEIROS;CAIO
1017;RKI9B08;01342888879;9BM384078PB303677;BUSUCFBSNPB110755CAIO;924998U1416722;M.BENZ/INDUSCAR APACHE V;2022;2023;OF 1721;50 PASSAGEIROS;CAIO
1018;RKG9H86;01336195344;9BM384078PB303661;BUSUCFBSNPB110756CAIO;924998U1416665;M.BENZ/INDUSCAR APACHE V;2022;2023;OF 1721;50 PASSAGEIROS;CAIO
1019;RKQ9G78;01342888461;9BM384078PB305756;BUSUCFBSNPB111051CAIO;924998U1418561;M.BENZ/INDUSCAR APACHE V;2022;2023;OF 1721;50 PASSAGEIROS;CAIO
1020;RKL9G69;01342891667;9BM384078PB305743;BUSUCFBSNPB111052CAIO;924998U1418535;M.BENZ/INDUSCAR APACHE V;2022;2023;OF 1721;50 PASSAGEIROS;CAIO
1021;RJN9J72;01342891110;9BM384078PB305747;BUSUCFBSNPB111053CAIO;924998U1418559;M.BENZ/INDUSCAR APACHE V;2022;2023;OF 1721;50 PASSAGEIROS;CAIO
1022;RKC9I00;01342889778;9BM384078PB305758;BUSUCFBSNPB1111054CAIO;924998U1418565;M.BENZ/INDUSCAR APACHE V;2022;2023;OF 1721;50 PASSAGEIROS;CAIO
1023;RJM9H59;01342889352;9BM384078PB305194;BUSUCFBSNPB111055CAIO;924998U1418071;M.BENZ/INDUSCAR APACHE V;2023;2023;OF 1721;50 PASSAGEIROS;CAIO
1024;RJE9H22;01342881300;9BM384078PB305183;BUSUCFBSNPB111056CAIO;924998U1418040;M.BENZ/INDUSCAR APACHE V;2022;2023;OF 1721;50 PASSAGEIROS;CAIO
1025;RIU9A61;01343035462;9BM384078PB305177;BUSUCFBSNPB111057CAIO;924998U1418006;M.BENZ/INDUSCAR APACHE V;2023;2023;OF 1721;50 PASSAGEIROS;CAIO
1026;RJI9I88;01342890318;9BM384078PB305172;BUSUCFBSNPB111058CAIO;924998U1417990;M.BENZ/INDUSCAR APACHE V;2022;2023;OF 1721;50 PASSAGEIROS;CAIO
1027;RJA9I68;01329567061;9BM384078PB285756;BUSUCFBSNPB109695CAIO;924998U1400524;M.BENZ/INDUSCAR APACHE V;2022;2023;OF 1721;50 PASSAGEIROS;CAIO
1028;RJM9H55;01342880002;9BM384078PB305153;BUSUCFBSNPB111059CAIO;924998U1417909;M.BENZ/INDUSCAR APACHE V;2022;2023;OF 1721;50 PASSAGEIROS;CAIO
1029;RKC9H99;01342883435;9BM384078PB305170;BUSUCFBSNPB111060CAIO;924998U1417979;M.BENZ/INDUSCAR APACHE V;2022;2023;OF 1721;50 PASSAGEIROS;CAIO
1030;RKT9B33;01342896472;9BM384078PB305166;BUSUCFBSNPB111061CAIO;924998U1417969;M.BENZ/INDUSCAR APACHE V;2023;2023;OF 1721;50 PASSAGEIROS;CAIO
1031;RKK9F22;01342884814;9BM384078PB305160;BUSUCFBSNPB111062CAIO;924998U1417713;M.BENZ/INDUSCAR APACHE V;2023;2023;OF 1721;50 PASSAGEIROS;CAIO
1032;RJU9H05;01342882358;9BM384078PB306335;BUSUCFBSNPB111318CAIO;924998U1419121;M.BENZ/INDUSCAR APACHE V;2023;2023;OF 1721;50 PASSAGEIROS;CAIO
1033;RJE9H21;01342881106;9BM384078PB306308;BUSUCFBSNPB111319CAIO;924998U1419063;M.BENZ/INDUSCAR APACHE V;2023;2023;OF 1721;50 PASSAGEIROS;CAIO
1034;RJA6I05;01300113844;9BM384067PB265403;BUSUCFBSNPB107114CAIO;924997U1381695;M.BENZ/INDUSCAR APACHE V;2022;2023;OF 1519;42 PASSAGEIROS;CAIO
1035;RKS9C63;01342891349;9BM384078PB306318;BUSUCFBSNPB111320CAIO;924998U1419091;M.BENZ/INDUSCAR APACHE V;2022;2023;OF 1721;50 PASSAGEIROS;CAIO
1036;RJI9I87;01342882854;9BM384078PB306346;BUSUCFBSNPB111321CAIO;924998U1419138;M.BENZ/INDUSCAR APACHE V;2022;2023;OF 1721;50 PASSAGEIROS;CAIO
1037;RKH9B92;01342892264;9BM384078PB306595;BUSUCFBSNPB111525CAIO;924998U1419389;M.BENZ/INDUSCAR APACHE V;2022;2023;OF 1721;50 PASSAGEIROS;CAIO
1038;RKR9D83;01342890300;9BM384078PB306543;BUSUCFBSNPB111526CAIO;924998U1419204;M.BENZ/INDUSCAR APACHE V;2022;2023;OF 1721;50 PASSAGEIROS;CAIO
1039;RKT7E17;01317039758;9BM384067PB275403;BUSUCFBSNPB107848CAIO;924997U1391630;M.BENZ/INDUSCAR APACHE V;2022;2023;OF 1519;42 PASSAGEIROS;CAIO
1040;RJY8G20;01342893015;9BM384078PB306546;BUSUCFBSNPB111527CAIO;924998U1419209;M.BENZ/INDUSCAR APACHE V;2022;2023;OF 1721;50 PASSAGEIROS;CAIO
1041;RJV6F82;01300114336;9BM384067PB265988;BUSUCFBSNPB107115CAIO;924997U1381834;M.BENZ/INDUSCAR APACHE V;2022;2023;OF 1519;42 PASSAGEIROS;CAIO
1042;RIR8H01;01329564356;9BM384078PB286020;BUSUCFBSNPB109696CAIO;924998U1401365;M.BENZ/INDUSCAR APACHE V;2022;2023;OF 1721;50 PASSAGEIROS;CAIO
1043;RKH9B91;01342890628;9BM384078PB306549;BUSUCFBSNPB111528CAIO;924998U1419223;M.BENZ/INDUSCAR APACHE V;2022;2023;OF 1721;50 PASSAGEIROS;CAIO
1044;RKV9J35;01336214160;9BM384078PB295611;BUSUCFBSNPB110142CAIO;924998U1409941;M.BENZ/INDUSCAR APACHE V;2022;2023;OF 1721;50 PASSAGEIROS;CAIO
1045;RKC9I01;01342891144;9BM384078PB306551;BUSUCFBSNPB111529CAIO;924998U1419228;M.BENZ/INDUSCAR APACHE V;2022;2023;OF 1721;50 PASSAGEIROS;CAIO
1046;RKH9C07;01343037058;9BM384078PB306553;BUSUCFBSNPB111530CAIO;924998U1419230;M.BENZ/INDUSCAR APACHE V;2023;2023;OF 1721;50 PASSAGEIROS;CAIO
1047;LUS8A86;01349160102;9BM384050RB320141;BUSUCFBSNRB113126CAIO;924971U1432686;M.BENZ/INDUSCAR APACHE V;2023;2024;OF 1619;44 PASSAGEIROS;CAIO
1048;LUI8A26;01349163845;9BM384050RB320142;BUSUCFBSNRB1133127CAIO;924971U1432690;M.BENZ/INDUSCAR APACHE V;2023;2024;OF 1619;44 PASSAGEIROS;CAIO
1049;RJC8E54;01331559747;9BM384078PB285726;BUSUCFBSNPB109694CAIO;924998U1401096;M.BENZ/INDUSCAR APACHE V;2022;2023;OF 1721;50 PASSAGEIROS;CAIO
1050;LUI8A50;01349166984;9BM384050RB320150;BUSUCFSBSNRB113128CAIO;924971U1432696;M.BENZ/INDUSCAR APACHE V;2023;2024;OF 1619;44 PASSAGEIROS;CAIO
1051;LUI8A37;01349165490;9BM384050RB320151;BUSUCFBSNRB113129CAIO;924971U1432700;M.BENZ/INDUSCAR APACHE V;2023;2024;OF 1619;44 PASSAGEIROS;CAIO
1052;RJG7I86;01318277806;9BM384067PB277697;BUSUCFBSNPB108354CAIO;924997U1393530;M.BENZ/INDUSCAR APACHE V;2022;2023;OF 1519;42 PASSAGEIROS;CAIO
1053;LTW5I92;01349161605;9BM384050RB320297;BUSUCFBSNRB113130CAIO;924971U1432701;M.BENZ/INDUSCAR APACHE V;2023;2024;OF 1619;44 PASSAGEIROS;CAIO
1054;LUS9B46;01350134659;9BM384050RB315782;BUSUCFBSNRB113131CAIO;924971U1428513;M.BENZ/INDUSCAR APACHE V;2023;2024;OF 1619;44 PASSAGEIROS;CAIO
1055;RJR9I88;01342889824;9BM384067PB311613;BUSUCFBSNPB112017CAIO;924997U1424081;M.BENZ/INDUSCAR APACHE V;2022;2023;OF 1519;42 PASSAGEIROS;CAIO
1056;LUI9H37;01350137569;9BM384050RB315797;BUSUCFBSNRB113132CAIO;924971U1428678;M.BENZ/INDUSCAR APACHE V;2023;2024;OF 1619;44 PASSAGEIROS;CAIO
1057;LUG9E98;01349152959;9BM384050RB319453;BUSUCFBSNRB113133CAIO;924971U1432634;M.BENZ/INDUSCAR APACHE V;2023;2024;OF 1619;44 PASSAGEIROS;CAIO
1058;LUQ8E64;01350129108;9BM384050RB319910;BUSUCFBSNRB113134CAIO;924971U1432600;M.BENZ/INDUSCAR APACHE V;2023;2024;OF 1619;44 PASSAGEIROS;CAIO
1059;LUI9H59;01350138611;9BM384050RB320108;BUSUCFBSNRB113135CAIO;924971U1432580;M.BENZ/INDUSCAR APACHE V;2023;2024;OF 1619;44 PASSAGEIROS;CAIO
1060;SQW1B50;01364456769;9BM384050RB320109;BUSUCFBSNRB113136CAIO;924971U1432591;M.BENZ/INDUSCAR APACHE V;2023;2024;OF 1619;44 PASSAGEIROS;CAIO
1061;LUA9J52;01350133024;9BM384050RB317658;BUSUCFBSNRB113251CAIO;924971U1431759;M.BENZ/INDUSCAR APACHE V;2023;2024;OF 1619;44 PASSAGEIROS;CAIO
1062;LUI9H39;01350139383;9BM384050RB318520;BUSUCFBSNRB113252CAIO;924971U1432331;M.BENZ/INDUSCAR APACHE V;2023;2024;OF 1619;44 PASSAGEIROS;CAIO
1063;LUI8A63;01349170868;9BM384050RB320125;BUSUCFBSNRB113121CAIO;924971I1432424;M.BENZ/INDUSCAR APACHE V;2023;2024;OF 1619;44 PASSAGEIROS;CAIO
1064;LUG9E96;01349151936;9BM384050RB320126;BUSUCFBSNRB113122CAIO;924971U1432520;M.BENZ/INDUSCAR APACHE V;2023;2024;OF 1619;44 PASSAGEIROS;CAIO
1065;LUG9F03;01349161672;9BM384050RB320129;BUSUCFBSNRB113123CAIO;924971U1432643;M.BENZ/INDUSCAR APACHE V;2023;2024;OF 1619;44 PASSAGEIROS;CAIO
1066;LUA9C17;01349159511;9BM384050RB320134;BUSUCFBSNRB113124CAIO;924971U1432668;M.BENZ/INDUSCAR APACHE V;2023;2024;OF 1619;44 PASSAGEIROS;CAIO
1067;RKP7H11;01317024211;9BM384067PB279218;BUSUCFBSNPB108182CAIO;924997U1395175;M.BENZ/INDUSCAR APACHE V;2022;2023;OF 1519;42 PASSAGEIROS;CAIO
1068;RJS6H32;01301323397;9BM384067PB266067;BUSUCFBSNPB107116CAIO;924997U1382051;M.BENZ/INDUSCAR APACHE V;2022;2023;OF 1519;42 PASSAGEIROS;CAIO
1069;RKN6E70;01300603795;9BM384067PB266000;BUSUCFBSNPB107117CAIO;924997U1381838;M.BENZ/INDUSCAR APACHE V;2022;2023;OF 1519;42 PASSAGEIROS;CAIO
1070;SRP0D61;01362770466;9BM384050RB320135;BUSUCFBSNRB113125CAIO;924971U1432653;M.BENZ/INDUSCAR APACHE V;2023;2024;OF 1619;44 PASSAGEIROS;CAIO
1071;LUO6E24;01347337277;9BM384055RB317218;BUSUCFBSNRB112921CAIO;924971U1429512;M.BENZ/INDUSCAR APACHE V;2023;2024;OF 1721;50 PASSAGEIROS;CAIO
1072;LUE7G41;01347439754;9BM384055RB317285;BUSUCFBSNRB112922CAIO;924971U1430798;M.BENZ/INDUSCAR APACHE V;2023;2024;OF 1721;50 PASSAGEIROS;CAIO
1073;LTY8H99;01338248100;9BM384055RB315888;BUSUCFBSNRB112822CAIO;924971U1426881;M.BENZ/INDUSCAR APACHE V;2023;2024;OF 1721;50 PASSAGEIROS;CAIO
1074;RJE8J33;01340239792;9BM384067PB295466;BUSUCFBSNPB110092CAIO;924997U1409695;M.BENZ/INDUSCAR APACHE V;2022;2023;OF 1519;42 PASSAGEIROS;CAIO
1075;LUK7E99;01338247163;9BM384055RB315884;BUSUCFBSNRB112823CAIO;924971U1424663;M.BENZ/INDUSCAR APACHE V;2023;2024;OF 1721;50 PASSAGEIROS;CAIO
1076;LUC6G64;01347338575;9BM384055RB315856;BUSUCFBSNRB112824CAIO;924971U1428634;M.BENZ/INDUSCAR APACHE V;2023;2024;OF 1721;50 PASSAGEIROS;CAIO
1077;LUA6A03;01338548589;9BM384055RB315878;BUSUCFBSNRB112825CAIO;924971U1428671;M.BENZ/INDUSCAR APACHE V;2023;2024;OF 1721;50 PASSAGEIROS;CAIO
1078;LTW4G03;01338734455;9BM384055RB315880;BUSUCFBSNRB112826CAIO;924971U1428855;M.BENZ/INDUSCAR APACHE V;2023;2024;OF 1721;50 PASSAGEIROS;CAIO
1079;RKQ7B69;01300565281;9BM384067PB265995;BUSUCFBSNPB107118CAIO;924997U1381844;M.BENZ/INDUSCAR APACHE V;2022;2023;OF 1519;42 PASSAGEIROS;CAIO
1080;LVE8D79;01338248682;9BM384055RB315890;BUSUCFBNSPB112827CAIO;924971U1429565;M.BENZ/INDUSCAR APACHE V;2023;2024;OF 1721;50 PASSAGEIROS;CAIO
1081;RKA6J91;01300602845;9BM384067PB266088;BUSUCFBSNPB107120CAIO;924997U1382116;M.BENZ/INDUSCAR APACHE V;2022;2023;OF 1519;42 PASSAGEIROS;CAIO
1082;LUM6H30;01338246248;9BM384055RB315891;BUSUCFBSNPB112828CAIO;924971U1429566;M.BENZ/INDUSCAR APACHE V;2023;2024;OF 1721;50 PASSAGEIROS;CAIO
1083;RJW6B62;01300595890;9BM384067PB266098;BUSUCFBSNPB107119CAIO;924997U1382224;M.BENZ/INDUSCAR APACHE V;2022;2023;OF 1519;42 PASSAGEIROS;CAIO
1084;LTW4E84;01338246698;9BM384055RB316737;BUSUCFBSNPB112829CAIO;924971U1429933;M.BENZ/INDUSCAR APACHE V;2023;2024;OF 1721;50 PASSAGEIROS;CAIO
1085;RKV7B68;01301324067;9BM384067PB267471;BUSUCFBSNPB107121CAIO;924997U1383537;M.BENZ/INDUSCAR APACHE V;2022;2023;OF 1519;42 PASSAGEIROS;CAIO
1086;LUC4I08;01338731863;9BM384055RB316729;BUSUCFBSNRB112830CAIO;924971U1429676;M.BENZ/INDUSCAR APACHE V;2023;2024;OF 1721;50 PASSAGEIROS;CAIO
1087;RIR9H44;01340234863;9BM384067PB295379;BUSUCFBSNPB110093CAIO;924997U1409601;M.BENZ/INDUSCAR APACHE V;2022;2023;OF 1519;42 PASSAGEIROS;CAIO
1088;LUG7A15;01345800824;9BM384055RB316744;BUSUCFBSNRB112831CAIO;924971U1429588;M.BENZ/INDUSCAR APACHE V;2023;2024;OF 1721;50 PASSAGEIROS;CAIO
1089;LTY9C77;01338730581;9BM384055RB316537;BUSUCFBSNRB112832CAIO;924971U1426228;M.BENZ/INDUSCAR APACHE V;2023;2024;OF 1721;50 PASSAGEIROS;CAIO
1090;LTW4H14;01345268677;9BM384055RB316531;BUSUCFBSNRB112833CAIO;924971U1428257;M.BENZ/INDUSCAR APACHE V;2023;2024;OF 1721;50 PASSAGEIROS;CAIO
1091;LUG6D26;01338551385;9BM384055RB316761;BUSUCFBSNRB112834CAIO;924971U1429549;M.BENZ/INDUSCAR APACHE V;2023;2024;OF 1721;50 PASSAGEIROS;CAIO
1092;LUS5G09;01338739236;9BM384055RB317558;BUSUCFBSNRB112887CAIO;924971U1426222;M.BENZ/INDUSCAR APACHE V;2023;2024;OF 1721;50 PASSAGEIROS;CAIO
1093;LUK8B32;01345269649;9BM384055RB317509;BUSUCFBSNRB112888CAIO;924971U1431112;M.BENZ/INDUSCAR APACHE V;2023;2024;OF 1721;50 PASSAGEIROS;CAIO
1094;LUE7J19;01347602841;9BM384055RB317511;BUSUCFBSNRB112889CAIO;924971U1431119;M.BENZ/INDUSCAR APACHE V;2023;2024;OF 1721;50 PASSAGEIROS;CAIO
1095;LVE9F65;01345805320;9BM384055RB317489;BUSUCFBSNRB112912CAIO;924971U1431016;M.BENZ/INDUSCAR APACHE V;2023;2024;OF 1721;50 PASSAGEIROS;CAIO
1096;LUM8I68;01347344664;9BM384055RB317502;BUSUCFBSNRB112913CAIO;924971U1431098;M.BENZ/INDUSCAR APACHE V;2023;2024;OF 1721;50 PASSAGEIROS;CAIO
1097;LUG6G62;01345267590;9BM384055RB317485;BUSUCFBSNRB112914CAIO;924971U1431008;M.BENZ/INDUSCAR APACHE V;2023;2024;OF 1721;50 PASSAGEIROS;CAIO
1098;LUE7J12;01347603953;9BM384055RB317564;BUSUCFBSNRB112915CAIO;924971U1431266;M.BENZ/INDUSCAR APACHE V;2023;2024;OF 1721;50 PASSAGEIROS;CAIO
1099;LUS7A45;01347612081;9BM384055RB317565;BUSUCFBSNRB112916CAIO;924971U1431271;M.BENZ/INDUSCAR APACHE V;2023;2024;OF 1721;50 PASSAGEIROS;CAIO
1100;LUC5A32;01345793119;9BM384055RB317577;BUSUCFBSNRB112917CAIO;924971U1431458;M.BENZ/INDUSCAR APACHE V;2023;2024;OF 1721;50 PASSAGEIROS;CAIO
1101;LUS5I18;01345497048;9BM384055RB317581;BUSUCFBSNRB112918CAIO;924971U1429666;M.BENZ/INDUSCAR APACHE V;2023;2024;OF 1721;50 PASSAGEIROS;CAIO
1102;RKI7F31;01318271565;9BM384067PB277693;BUSUCFBSNPB108355CAIO;924997U1393757;M.BENZ/INDUSCAR APACHE V;2022;2023;OF 1519;42 PASSAGEIROS;CAIO
1103;LUO9A58;01350896109;9BM384055RB317585;BUSUCFBSNRB112919CAIO;924971U1431473;M.BENZ/INDUSCAR APACHE V;2023;2024;OF1721/59 EURO5;50 PASSAGEIROS;CAIO
1104;RJZ7F73;01317030351;9BM384078PB276832;BUSUCFBSNPB107850CAIO;924998U1392885;M.BENZ/INDUSCAR APACHE V;2022;2023;OF 1721;50 PASSAGEIROS;CAIO
1105;LUE7J51;01347609048;9BM384055RB316738;BUSUCFBSNRB112920CAIO;924971U1429717;M.BENZ/INDUSCAR APACHE V;2023;2024;OF 1721;50 PASSAGEIROS;CAIO
1106;LUI5J80;01345806679;9BM384055RB319442;BUSCFBSNRB112973CAIO;924971U1432396;M.BENZ/INDUSCAR APACHE V;2023;2024;OF 1721;50 PASSAGEIROS;CAIO
1107;LUE5F56;01345787860;9BM384055RB319867;BUSUCFBSNRB112974CAIO;924971U1432483;M.BENZ/INDUSCAR APACHE V;2023;2024;OF 1721;50 PASSAGEIROS;CAIO
1108;LUG8D26;01347443840;9BM384055RB319481;BUSUCFBSNRB112975CAIO;924971U1432514;M.BENZ/INDUSCAR APACHE V;2023;2024;OF 1721;50 PASSAGEIROS;CAIO
1109;LUA6F46;01345799389;9BM384055RB317490;BUSUCFBSNRB112923CAIO;924971U1431041;M.BENZ/INDUSCAR APACHE V;2023;2024;OF 1721;50 PASSAGEIROS;CAIO
1110;RKJ7E41;01317036228;9BM384078PB276838;BUSUCFBSNPB107851CAIO;924998U1392911;M.BENZ/INDUSCAR APACHE V;2022;2023;OF 1721;50 PASSAGEIROS;CAIO
1111;LUE7J38;01347598690;9BM384055RB321408;BUSUCFBSNRB113137CAIO;924971U1433739;M.BENZ/INDUSCAR APACHE V;2023;2024;OF 1721;50 PASSAGEIROS;CAIO
1112;LUE7J53;01347608505;9BM384055RB321048;BUSUCFBSNRB113262CAIO;924971U1433543;M.BENZ/INDUSCAR APACHE V;2023;2024;OF 1721;50 PASSAGEIROS;CAIO
1113;LUE7J52;01347609587;9BM384055RB321404;BUSUCFBSNRB113263CAIO;924971U1433705;M.BENZ/INDUSCAR APACHE V;2023;2024;OF 1721;50 PASSAGEIROS;CAIO
1114;LUI6J70;01347443174;9BM384055RB321460;BUSUCFBSNRB113263CAIO;92491U1434280;M.BENZ/INDUSCAR APACHE V;2023;2024;OF 1721;50 PASSAGEIROS;CAIO
1115;LUQ6D89;01347440370;9BM384055RB321490;BUSUCFBSNRB113265CAIO;82491U1434507;M.BENZ/INDUSCAR APACHE V;2023;2024;OF 1721;50 PASSAGEIROS;CAIO
1116;LUQ5D94;01345808612;9BM384055RB321779;BUSUCFSNRB113371CAIO;924971U143851;M.BENZ/INDUSCAR APACHE V;2023;2024;OF 1721;50 PASSAGEIROS;CAIO
1117;LUA7J62;01347442151;9BM384055RB321819;BUSUCFBSNRB113372CAIO;924971U1435145;M.BENZ/INDUSCAR APACHE V;2023;2024;OF 1721;50 PASSAGEIROS;CAIO
1118;LUC9D14;01350130840;9BM384050RB319870;BUSUCFBSNRB113253CAIO;924971U1432493;M.BENZ/INDUSCAR APACHE V;2023;2024;OF 1619;44 PASSAGEIROS;CAIO
1119;LTW6F68;01350136449;9BM384050RB319871;BUSUCFBSNRB113254CAIO;924971U1432495;M.BENZ/INDUSCAR APACHE V;2023;2024;OF 1619;44 PASSAGEIROS;CAIO
1120;LUQ9G05;01350891824;9BM384050RB319902;BUSUCFBSNRB113255CAIO;924971U1432564;M.BENZ/INDUSCAR APACHE V;2023;2024;OF 1619;44 PASSAGEIROS;CAIO
1121;RJS8F76;01329575838;9BM979277PB294001;BUSMCFBKNPA067479COMI;924999U1409047;M.BENZ/ COMIL PIA ROD 0;2022;2023;LO  916;28 PASSAGEIROS;COMIL
1122;RKR8G63;01329565557;9BM979277PB294003;BUSUMCFBKNPA067481COMI;924999U1409065;M.BENZ/ COMIL PIA ROD 0;2022;2023;LO  916;28 PASSAGEIROS;COMIL
1123;RJM9C15;01329572685;9BM979277PB294002;BUSMCFBKNPA067480COMI;924999U1409048;M.BENZ/ COMIL PIA ROD 0;2022;2023;LO  916;28 PASSAGEIROS;COMIL
1124;RKN7C33;01318272812;9BM384067PB278371;BUSUCFBSNPB108350CAIO;924997U1394133;M.BENZ/INDUSCAR APACHE V;2022;2023;OF 1519;42 PASSAGEIROS;CAIO
1125;LUO9A30;01350889161;9BM384050RB322850;BUSUCFBSNRB113579CAIO;924971U1436335;M.BENZ/ INDUSCAR APACHE V;2023;2024;OF 1619;44 PASSAGEIROS;CAIO
1126;RKT6A13;01292167200;9BM384067PB258306;BUSUCFBSNPB106567CAIO;924997U1375370;M.BENZ/ INDUSCAR APACHE V;2022;2023;OF 1519;42 PASSAGEIROS;CAIO
1127;RIS6H77;01292168673;9BM384067PB258317;BUSUCFBSNPB106568CAIO;924997U1375379;M.BENZ/ INDUSCAR APACHE V;2022;2023;OF 1519;42 PASSAGEIROS;CAIO
1128;RKS6B07;01292169378;9BM384067PB258328;BUSUCFBSNPB106569CAIO;924997U1375405;M.BENZ/ INDUSCAR APACHE V;2022;2023;OF 1519;42 PASSAGEIROS;CAIO
1129;RJR6C34;01292173251;9BM384067PB259513;BUSUCFBSNPB106570CAIO;924997U1376794;M.BENZ/ INDUSCAR APACHE V;2022;2023;OF 1519;42 PASSAGEIROS;CAIO
1130;RJD5G77;01292171542;9BM384067PB259546;BUSUCFBSNPB106571CAIO;924997U1376883;M.BENZ/ INDUSCAR APACHE V;2022;2023;OF 1519;42 PASSAGEIROS;CAIO
1131;RKA6D78;01292172662;9BM384067PB260405;BUSUCFBSNPB106572CAIO;924997U1378466;M.BENZ/ INDUSCAR APACHE V;2022;2023;OF 1519;42 PASSAGEIROS;CAIO
1132;RIZ5F72;01292170791;9BM384067PB259482;BUSUCFBSNPB106573CAIO;924997U1376573;M.BENZ/ INDUSCAR APACHE V;2022;2023;OF 1519;42 PASSAGEIROS;CAIO
1133;RIY7A59;01292171950;9BM384067PB259535;BUSUCFBSNPB106574CAIO;924997U1376872;M.BENZ/ INDUSCAR APACHE V;2022;2023;OF 1519;42 PASSAGEIROS;CAIO
1134;RJF6C56;01292168282;9BM384067PB259557;BUSUCFBSNPB106575CAIO;924997U1376968;M.BENZ/ INDUSCAR APACHE V;2022;2023;OF 1519;42 PASSAGEIROS;CAIO
1135;RKP6B26;01292168258;9BM384067PB260428;BUSUCFBSNPB106698CAIO;924997U1378509;M.BENZ/ INDUSCAR APACHE V;2022;2023;OF 1519;42 PASSAGEIROS;CAIO
1136;RJH6E37;01292164961;9BM384067PB261262;BUSUCFBSNPB106699CAIO;924997U1378633;M.BENZ/ INDUSCAR APACHE V;2022;2023;OF 1519;42 PASSAGEIROS;CAIO
1137;RIY7A54;01292163337;9BM384067PB261282;BUSUCFBSNPB106700CAIO;924997U1377802;M.BENZ/ INDUSCAR APACHE V;2022;2023;OF 1519;42 PASSAGEIROS;CAIO
1138;RJT6E20;01292161008;9BM384067PB261272;BUSUCFBSNPB106701CAIO;924997U1378654;M.BENZ/ INDUSCAR APACHE V;2022;2023;OF 1519;42 PASSAGEIROS;CAIO
1139;RJV5I26;01292167804;9BM384067PB261292;BUSUCFBSNPB106702CAIO;924997U1378669;M.BENZ/ INDUSCAR APACHE V;2022;2023;OF 1519;42 PASSAGEIROS;CAIO
1140;RKU7D11;1318275463;9BM384067PB283362;BUSUCFBSNPB108356CAIO;924997U1398301;M.BENZ/INDUSCAR APACHE V;2022;2023;OF 1519;42 PASSAGEIROS;CAIO
1141;RKH7I06;01318274173;9BM384067PB283334;BUSUCFBSNPB108357CAIO;924997U1398537;M.BENZ/INDUSCAR APACHE V;2022;2023;OF 1519;42 PASSAGEIROS;CAIO
1142;RKP7J09;01319295468;9BM384067PB269773;BUSUCFBSNPB108419CAIO;924997U1384660;M.BENZ/INDUSCAR APACHE V;2022;2023;OF 1519;42 PASSAGEIROS;CAIO
1143;RIT7I20;01319292728;9BM384067PB281520;BUSUCFBSNPB108420CAIO;924997U1397721;M.BENZ/INDUSCAR APACHE V;2022;2023;OF 1519;42 PASSAGEIROS;CAIO
1144;RKK7J81;01319299862;9BM384067PB282320;BUSUCFBSNPB108421CAIO;924997U1397932;M.BENZ/INDUSCAR APACHE V;2022;2023;OF 1519;42 PASSAGEIROS;CAIO
1145;RJW6I63;01319301425;9BM384067PB275469;BUSUCFBSNPB108476CAIO;924997U1391760;M.BENZ/INDUSCAR APACHE V;2022;2023;OF 1519;42 PASSAGEIROS;CAIO
1146;RJV7F61;01319297916;9BM384067PB275416;BUSUCFBSNPB108477CAIO;924997U1391675;M.BENZ/INDUSCAR APACHE V;2022;2023;OF 1519;42 PASSAGEIROS;CAIO
1147;RIQ8I04;01325436051;9BM384067PB268062;BUSUCFBSNPB108478CAIO;924997U1384226;M.BENZ/INDUSCAR APACHE V;2022;2023;OF 1519;42 PASSAGEIROS;CAIO
1148;RJI8F60;01325436655;9BM384067PB268409;BUSUCFBSNPB108479CAIO;924997U1384334;M.BENZ/INDUSCAR APACHE V;2022;2023;OF 1519;42 PASSAGEIROS;CAIO
1149;LUQ9G15;01350898080;9BM384050RB322807;BUSUCFBSNRB113580CAIO;924971U1436279;M.BENZ/INDUSCAR APACHE V;2023;2024;OF 1619;44 PASSAGEIROS;CAIO
1150;LUO9A43;01350890593;9BM384050RB322556;BUSUCFBSNRB113581CAIO;924971U1435934;M.BENZ/INDUSCAR APACHE V;2023;2024;OF 1619;44 PASSAGEIROS;CAIO
1151;SQZ0B84;01363088669;9BM384050RB322551;BUSUCFBSNRB113582CAIO;924971U1435882;M.BENZ/INDUSCAR APACHE V;2023;2024;OF 1619;44 PASSAGEIROS;CAIO
1152;SRJ0D30;01362777584;9BM384050RB322549;BUSUCFBSNRB113583CAIO;924971U1435898;M.BENZ/INDUSCAR APACHE V;2023;2024;OF 1619;44 PASSAGEIROS;CAIO
